iter	MultiClass
0	6.383026373
1	6.349667913
2	6.315065135
3	6.280321677
4	6.248900907
5	6.216923667
